update,loss_wt,loss_delta,min
500,1.6574911065399647,0.4192567756064236,0.81
1000,0.5920881818532944,0.13755147310718893,1.62
1500,0.38900877290964125,0.11280267784371972,2.42
2000,0.32619345545768735,0.10915641074255109,3.23
2500,0.29465623104572297,0.10362106259912253,4.04
3000,0.2644982086569071,0.09846849866583943,4.85
3500,0.23350778146088122,0.09197058349102735,5.66
4000,0.2098953089118004,0.09379839169234037,6.47
4500,0.20123087280988694,0.09243736680969596,7.29
5000,0.19370667193830013,0.09607222132757307,8.1
5500,0.18221699063479901,0.09083140387013555,8.91
6000,0.16213503883033992,0.08467809438705444,9.72
6500,0.17945525348186492,0.0880214856825769,10.53
7000,0.14758026538789273,0.08615848832204938,11.33
7500,0.16302137795090677,0.08895791640877723,12.14
8000,0.150892155662179,0.08425023201107978,12.96
8500,0.14782516346126795,0.08842476179078221,13.78
9000,0.13694157100468873,0.08180592530593277,14.69
9500,0.13712736923992633,0.08447480393201112,15.67
10000,0.13548580998927354,0.07799327270686626,16.66
10500,0.13181054855138064,0.0827438077442348,17.66
11000,0.12893445086479188,0.08038676809892058,18.68
11500,0.12513282638043166,0.0781069514900446,19.69
12000,0.1327747765108943,0.08202112114802003,20.66
12500,0.11857193460315466,0.07651284474879504,21.48
13000,0.11688848664611579,0.0797692524380982,22.3
13500,0.12330311454832554,0.08155886304751038,23.1
14000,0.1185208331272006,0.07760042206570505,23.9
14500,0.11682673924416304,0.07937147677317262,24.62
15000,0.11790730518847704,0.07697215972468258,25.26
15500,0.11651155815273523,0.07899922546371818,25.92
16000,0.1123414908349514,0.07909160888940096,26.74
16500,0.10970475310832262,0.07461575207486748,27.57
17000,0.11082063247263431,0.0774552800990641,28.39
17500,0.10913141461461782,0.07649747681617737,29.22
18000,0.11489575666934251,0.07926959604769945,30.05
18500,0.10832577603310346,0.07676626598089933,30.9
19000,0.1124937640503049,0.07895767180621624,31.74
19500,0.10845232184976339,0.07485306087881327,32.59
20000,0.11526857861876488,0.07658039915189147,33.45
