update,loss_wt,loss_delta,min
500,1.983871863156557,0.4248343050032854,0.43
1000,0.6503684929311275,0.139196559086442,0.85
1500,0.4334317522346973,0.12680961852520703,1.27
2000,0.32186837553977965,0.11036961866915226,1.69
2500,0.2860149881541729,0.10257526244223118,2.11
3000,0.25685600185394286,0.10550854331627488,2.46
3500,0.2526266845017672,0.10722962271422148,2.8
4000,0.22375170443952083,0.10499100286886096,3.19
4500,0.2087061022669077,0.10616561037302018,3.61
5000,0.18718206760287284,0.09998455177247524,4.03
5500,0.18835747542977332,0.10040673690289259,4.45
6000,0.18887753288447856,0.10407240200042725,4.87
6500,0.17358347344398498,0.1035303248539567,5.29
7000,0.1615950404405594,0.10237759032472968,5.71
7500,0.1886702872365713,0.10571927256509661,6.1
8000,0.16140979102998973,0.10016310450807214,6.53
8500,0.16588676875829697,0.11288732685893774,6.95
9000,0.1482538600564003,0.09776684221252799,7.37
9500,0.14440261110663413,0.10388051173835992,7.79
10000,0.14725848418474197,0.09996014299616218,8.14
10500,0.14410532215982674,0.10474591833725572,8.56
11000,0.13793370942026376,0.10268399747461081,8.98
11500,0.13533547601848842,0.1029825363829732,9.4
12000,0.13321630047261715,0.10485041093826294,9.81
12500,0.13298986877501012,0.09875343656539917,10.22
13000,0.1331526651903987,0.10528450970724225,10.56
13500,0.12695492397993802,0.10345655689015984,10.95
14000,0.12492828606814146,0.09683408072590828,11.39
14500,0.12912127067893744,0.10597744837403297,11.83
15000,0.12582096236199142,0.09902377123758196,12.26
15500,0.12362957417219878,0.09477503120526672,12.7
16000,0.12554434461146594,0.10206578865647316,13.15
16500,0.12618352427333593,0.10671071033552289,13.6
17000,0.1194825357273221,0.10475601515546441,14.04
17500,0.12677979413419962,0.10444032845273614,14.49
18000,0.12185117910057307,0.10263734731823206,14.93
18500,0.11955350845307111,0.09712535957247019,15.37
19000,0.11779132171720266,0.10151114058494567,15.78
19500,0.11992874862998724,0.10261211235448718,16.15
20000,0.12234339825063943,0.10219617424532772,16.52
