update,loss_wt,loss_delta,loss_hit,min
500,2.184162104666233,0.0,0.16315627922676504,0.29
1000,0.47234874686598777,0.0,0.06139735224843025,0.58
1500,0.31814560082554816,0.0,0.05302149200811982,0.89
2000,0.28965692639350893,0.0,0.0522970299590379,1.18
2500,0.2784261554479599,0.0,0.047876361972652375,1.49
3000,0.23904675635695458,0.0,0.047128937869332733,1.79
3500,0.23414879676699638,0.0,0.04719809431675821,2.1
4000,0.2108789679855108,0.0,0.04648897862993181,2.41
4500,0.2037498188316822,0.0,0.04327770090848208,2.72
5000,0.18522132712602615,0.0,0.04309683123510331,3.03
5500,0.17235168148577212,0.0,0.04144607729464769,3.32
6000,0.1695245970785618,0.0,0.04137526085600257,3.59
6500,0.17168986705690623,0.0,0.04078708782233298,3.85
7000,0.1542085614874959,0.0,0.039936345235444606,4.11
7500,0.1534108887836337,0.0,0.03918258709833026,4.38
8000,0.1481331643164158,0.0,0.03879664421547204,4.64
8500,0.14249900902062654,0.0,0.039288616448640824,4.92
9000,0.14057624988257886,0.0,0.03841153507120907,5.23
9500,0.13019535830616952,0.0,0.037932441416196526,5.55
10000,0.12954432962834836,0.0,0.036733099793083965,5.86
10500,0.13091613011807204,0.0,0.037909794931299985,6.17
11000,0.12056651029735804,0.0,0.036578437340445816,6.47
11500,0.11749809123575687,0.0,0.03509037739690393,6.78
12000,0.12213588221371174,0.0,0.03693482752330601,7.09
12500,0.11116617635637521,0.0,0.03441586215235293,7.38
13000,0.11255901134014129,0.0,0.036232388990931216,7.68
13500,0.10715343430638313,0.0,0.03368541254196316,7.98
14000,0.11185970535874366,0.0,0.034856398376636205,8.28
14500,0.10305914244055749,0.0,0.03465340105071664,8.57
15000,0.10697376149892807,0.0,0.035106981069780885,8.86
15500,0.10437618330866098,0.0,0.03595779230445623,9.17
16000,0.10251768861711025,0.0,0.03292318483069539,9.47
16500,0.10088559075444936,0.0,0.03450235091522336,9.76
17000,0.10270668237656355,0.0,0.03407740205153823,10.04
17500,0.1027660668939352,0.0,0.033387916375882926,10.32
18000,0.10256404472887516,0.0,0.0342128644278273,10.59
18500,0.09924393485486507,0.0,0.03311356915254146,10.87
19000,0.10322000535577536,0.0,0.033278410460799934,11.16
19500,0.0989605679064989,0.0,0.03405594573356211,11.46
20000,0.10147321264445781,0.0,0.03429433683864772,11.75
