inchikey,smiles,heavy_atoms
QUAPPCXFYKSDSV-UHFFFAOYNA-N,O1C(CC(=O)C2=C1C=C(O)C(OC)=C2O)C3=CC=CC=C3,21
XWCWNSCSXVWDSW-JLGFQASFNA-N,S1CCN=C1NC(=O)C2=CC(NC(=O)C=3OC=CC3)=CC=C2,22
ICNAAKNGMLWFMZ-UHFFFAOYNA-N,FC1=C(C(OC=2C=C(C3=CC=C(C=C3)C)C=CC2)=O)C=CC=C1,23
NLXIMBPJRCEXKU-GPQMBLKYNA-N,ClC1=CC=C(OC(CC2=CC=C(C=C2)C)C(=O)O)C=C1,20
PPTFUQPLPCCALB-YAQRNVERNA-N,O1CCN(CC1)CC(=O)NC2=C(C(=CC=C2)C)C,18
JOCIPRSPZCLXKS-UHFFFAOYNA-N,C1(=CC=C(C=C1)OCCNCCCOC=2C=CC=CC2)OC,22
BQGXDFUGJBNDEG-WYUMXYHSNA-N,FC1=C(NC(=O)N(CCC)CCC)C=CC(F)=C1,18
BTMCMHMWGFUOCZ-UHFFFAOYNA-N,ClC=1C=C(C2(CCC(OC)CC2)CN)C=CC1,17
VUOJMQJNAIKORB-XNGQJLHWNA-N,O=C(N1CCNC(=O)C1)CCC2=NC3=C(C(O)=N2)C=CC=C3,22
DXBZNHDCIGHVJL-SWXNKPFYNA-O,ClC1=CC=2/C(=[NH+]/CCO)/C=C(OC2C=C1)C3=CC=CC=C3,21
FOLNSFQIWULSJC-UHFFFAOYNA-N,O(C(=O)C=1NC2=C(C=C(C=3N(C=NC3)C)C=C2)C1)CC,20
CJUBFDAFXFXZIS-GAJRPKRDNA-N,S(C1=CC(C(=O)CCCCCC)=CS1)(=O)(=O)N,17
PDCOWVOBZWQDQY-UHFFFAOYNA-N,S(=O)(=O)(NCCC(=O)N1CCOCC1)C2=CC=CC=C2,20
SPVIMUHWAHSATK-AVITZFHKNA-N,N(N/C(/N)=N/CCCC(CNC1=CC=C(C=C1)N)N)(=O)=O,21
ADQLFCNWLGCPNL-HCKMINDGNA-N,ClC1=CC=C(N2C3=NC=NC(O)=C3N=C2)C=C1,17
IQNAJKFHWYEYQY-VTORVXMGNA-N,N1(C(=O)N(C2=C(NC(C=3C=NNC3)=N2)C1=O)C)CC(C)C,21
NOAMWSDXXUFTRI-GPQMBLKYNA-N,OC1=C(C(=O)CC=2NC=3C(N2)=CC=CC3)C=C(CC)C(O)=C1,22
XBMWXWYNYYVTMK-HCKMINDGNA-N,O=C1N(C(C)(C)C)C(=O)C=2C1=CC(=CC2)C(O)=O,18
OOZACTSNSLGCED-UHFFFAOYNA-N,O1N=C(C(C(=O)N2CCC=3C2=CC=CC3)=C1C)C,18
CVJMAXDBGIRLPL-QTRYMALHNA-N,S(N(C[C@@H]([C@H](C(N(C)C)=O)CC(C)C)C(O)=NO)C)(=O)(=O)C,22
ZXYPUZBZVXTGTD-UHFFFAOYNA-N,FC=1C=C(C=2OC=3C(N2)=CC(O)=CC3C=4OC=CC4)C=CC1O,23
ICJPCRXVYMMSJY-UHFFFAOYNA-N,C1=CC=C2C(=C1OC)CCC(C2)NCCC,16
BYUCSFWXCMTYOI-KUGGDMIFNA-N,Br/C=C/1\OC(=O)[C@@H](C2=C3C(=CC=C2)C=CC=C3)CC1,19
VEKHXAVAXLIZJO-PQTNWSQHNA-N,ClC1=NN=C(N/N=C/C=2C=CC(Cl)=CC2)C=3C1=CC=CC3,21
UYPTUOMSJQFFOD-UHFFFAOYNA-N,S(CC(=O)N1CCCC1)C=2N=CN=C3C2C=CC=C3,19
LVBAFVRFSULYKD-UPSJTROQNA-N,OC=1N=C(N=C2N=CN(C21)CC3=CC=CC=C3)NC(C)C(=O)O,23
GHMFVPOVQMEIHB-UXIGCNINNA-N,[C@@H]1(O)CCN2C(N(C3=CC=C(C(=C3C)Cl)C#N)[C@@H]([C@@H]21)CC)=O,22
MLAHPUFPCIFGIR-DPOHFUJINA-N,ClC=1C=CC(C(=O)NN/C=C\2/C(=O)C(=CC=C2)C)=CC1,20
HMECNQNCYAFYFS-SECBINFHNA-N,O=C(N(CC=C)CC#N)[C@@H](N)C(C)(C)C,15
QITCSTCJTLZZMU-YHSKDTNENA-N,N=1C=CC=2C(=CC=CC2S(N3CCCNCC3)(=O)=O)C1N,21
RCPINNCVRVDTJU-UHFFFAOYNA-N,O(C1=CC=2CCCC2C=C1)CCCCN3N=CN=C3,19
QJPSBMDBZCLZKY-UHFFFAOYNA-N,O1C2=C(N=C1C)C=C(CC3=CC=CC=C3)C=C2,17
ZZJAGDSXYXZYKL-WYUMXYHSNA-N,S1C(NC(=O)CC2=CC(OC)=C(OC)C(OC)=C2)=NC=C1,21
YLOCSAFUCGFNJU-UKYPMXBWNA-N,O(C1=CC(=CC=C1O)/C=C(/C(=O)NC2=NC=CC=C2)\C#N)CC,23
WCRSKGPVBGETES-LILDFLRNNA-N,ClC1=CC=C(C2=NC(O)=C3C(=C2)C(N)=CC=C3)C=C1,19
NBVIJZCSUHGJCK-UHFFFAOYNA-N,O1C(C(=O)N2CCCCC2)=CC=3C1=NC4=C(C3)C=C(OC)C=C4,23
ISYYCVGFJSIOIJ-UHFFFAOYNA-N,O1C(=CC=C1)C=NN=CC2=C(O)C=C(O)C=C2,17
QCQJDVDQDIESRR-UHFFFAOYNA-N,S1C(CN2CC(N(CC2)CC3=CC=CC=C3)CCO)=CC=C1C,23
PGZQQXAMZCXUBU-GPQMBLKYNA-N,BrC1=CC=C(OC(C(=O)NC2CCCCCC2)C)C=C1,20
CNJYKVBDIFQIEA-ROGHJXEKNA-N,ClC=1C(=CC=CC1)/C=C/C(=O)NNC(=O)C=2SC=CC2,20
VBCFPFDUNNOWIZ-UHFFFAOYNA-N,O(C1=CC=C(C=2N=CC3=C(C2)C=CC=C3)C=C1)C,18
PQVATNBHWHZLJI-BDAKNGLRNA-N,C=1(C2=C(C=C3C(=C2)[C@H](C[C@@H](C)N3)CC)OC(C1)=O)C(F)(F)F,22
ZOUWBNSRSMCLFY-NBVRZTHBNA-N,ClC=1C=CC(C(=O)/C(=N/NC=2C=CC=CC2)/C=O)=CC1,20
ACXDJFMSMTTWML-JTYYRCEENA-N,OC1=NNC(=C1CC(=O)N/N=C/C=2C(OC)=CC=C(OC)C2)C,23
DDFOKSBIRZCFHF-UHFFFAOYNA-N,BrC1=C2N(N=C1CO)C(CC(N2)C3=CC=CC=C3)C(F)(F)F,22
ZWJYBFNUERXMHM-WYUMXYHSNA-N,O1C2=C(OCC1)C=CC(=C2)C(=O)NC3=NC=CC=C3O,20
QWHFPWNHELQSDQ-DZQCGVKKNA-N,CNCC1=CC=C(C=C1)N2C(=C3C=CC=C(C3=N2)C(=O)N)Cl,22
VPRPCJIUQGRCRK-DLKJCVRDNA-N,ClC=1C(C(=O)NC2=C(NN=C2N)C(OCC)=O)=CC=C(Cl)C1,22
PXVLCFQXIMMCOL-UHFFFAOYNA-N,S1C2=C(OC1=O)C=CC(OC(=O)C3=C(F)C=CC=C3)=C2,20
CCRBHFGYCFTHBK-UHFFFAOYNA-N,O(CCC=1C(=NC=2N(N=CN2)C1O)C)C(=O)C,17
NBUBNIUQPSVDKA-LILDFLRNNA-N,ClC=1C(=CC(S(=O)(=O)NCCCN2CCCC2=O)=CC1)C(=O)O,23
SEPBORGDHRCCDG-YENFCIRVNA-N,N1C2=C(N=C1SCCCC(=O)O)C=C(OC)C=C2,18
MIWAZZSIWVVADG-YHMJCDSINA-N,S1C(NC=2C=CC=CC2)=NC(=C1C(OC)=O)C,17
BUSKJINUTRECTE-UHFFFAOYNA-N,ClC1=C(C(F)=CC=C1)CNC=2C=CC(N3CCCC3)=CC2,21
QUWADLGXPRXKNF-DYQXSSKDNA-O,[N+]=1(C(/C=N/O)=CC=CC1)CCCCC#C,15
GKZOLZUKEMRQPY-UHFFFAOYNA-N,FC1=CC(N=CC(N(=O)=O)C(OCC)=O)=CC=C1F,19
QSLUSPPDJFCXMB-MNIXEANVNA-N,N1=C(C=2N=C(NC3=CC=C(C=C3)OC)C=CC2N=C1N)N,21
SPKWVYIHEXIFFF-UHFFFAOYNA-N,S(C1=C(C(=O)N2CCN(CC2)C3=CC=C(F)C=C3)C=CC=C1)C,23
VTXTZOSQVPMRAU-VFSNKAIFNA-N,S1C(=CC(=C1NC2=NC=CC(=C2)C)C(=O)N)C3=CC=CC=C3,22
UACCKKYRGDHPFL-UYBDAZJANA-N,C=1(N(C2=CC(C3=CC=C(C=C3)F)=CC=C2N1)C(C)C)O,20
GPSPUCSZRWHWJC-NVJLHTBLNA-N,BrC=1C=CC(C=N(=O)C(/C(=N/O)/CC)(C)C)=CC1,18
RUSXYSPNUUXXDR-LPHOPBHVNA-N,O1CCN([C@@H]([C@H](C)C(=O)C=2C=CC=CC2)C3=CC=CC=C3)CC1,23
NVVHZMXNPUHEAQ-UHFFFAOYNA-N,C=1(I)C=CC(=CC1)CC(NCCCC2=CC=CC=C2)C,20
AXIYCFYPYAVROC-HVXXBKQBNA-N,S(C1=CC=CC=C1)CC(ON=C(N)C=2C=CC(OC)=CC2)=O,22
ZZGZKQOYUVLUQS-BDGWVKIONA-N,O=C1N(NC(=O)C2=CC=C(NC(=O)C(C)C)C=C2)C(=O)C=3C1=CC=CC3,26
MVEVHNUWMZOBRK-UHFFFAOYNA-N,ClC=1C=C(C2=NOC(C2)(C)C=3OC(=NN3)C=4C=CN=CC4)C=CC1,24
XMTRIACVZSBEPY-VNHAUOCNNA-N,S1(=O)(=O)N(C(C)C(=O)NC=2C=CC(=CC2)C(=O)N)C(=O)C3=C1C=CC=C3,26
GAPLKBXPBSOLLR-LILDFLRNNA-N,S(=O)(=O)(N1CCC(NC(=O)C2CCCCC2)CC1)C3=CC=CC=C3,24
IMYMMJAHPHFFNY-PKSOQXRJNA-N,BrC=1C(CSCC(=O)NC=2C(=CC=C(C2)C(OC)=O)C(OC)=O)=CC=CC1,27
WDKOMGQQTMHPLI-LILDFLRNNA-N,O=C1N(C(C)C(=O)NC=2C=C(OC)C=CC2)C(=O)C=3C1=CC=CC3,24
UCFNGFLMPGVJJA-LNNLXFCONA-N,OC1=C(C(C)C)C=C(CN2C(=C(C=3C2=CC=CC3)CCC(=O)O)C)C=C1,26
MBPBHQUACISREK-QWOVJGMINA-N,N=1C=CC(=CC1)NCCOC2=CC(NCC3=CC=CC=C3)=CC=C2,24
GIQGCIWBMMAIEN-JRAUIADNNA-N,O=C(/C(/C1=NC=2C(C=C1)=CC=CC2)=C\C=3C=4C(C=CC3)=CC=CC4)C(=O)O,27
SRMPMANHNPCVIC-VLCCFXAGNA-N,SC=1N(/N=C/C=2C=CC(=CC2)C(=O)O)C(=NN1)C=3C=CC(=CC3)C,24
MIXXCWAWZDKQLD-LILDFLRNNA-N,ClC=1C=CC(NC(=O)C(SC2=NN3C(=CC(=NC3=N2)C)C)C)=NC1,24
LLNNYTMYQXNQNA-WKUOWIMNNA-N,C=1(N=C(/C=C/C2=CC=CC=C2)N=C3C1C=CC=C3)NCC=4C=CC=CC4,26
YVFIGIMJNIQEEJ-QWOVJGMINA-N,O(C1=CN(C(=CN2CCCCC2)CC1=O)CC(=O)NC=3C=CC(=CC3)C)C,27
HAUBUNNZVAGIGM-PECIQRARNA-N,C=1(C2=C(C=CC=C2)C(=CC1)OC3C(N(C)C)CCCC3)C=4N=C(N)C=CC4,27
VCSBLUOZMMRJMH-UHFFFAOYNA-N,S(C=1N=NC(C=2C=C(OC)C(OC)=CC2)=CC1)CC(=O)N3CCCC3,25
PIKFXEOKMLGVMI-PXPUHDKANA-N,O=C1N(C(=C(C(N1)C2=CC=C(OC)C=C2)C(OC)=O)C)CCCC(=O)O,26
AMADNKXMEDYTCS-UHFFFAOYNA-N,C1=CC=C2N=C(N(C2=C1)C)CN3CCC(CC3)C4=CC=CC=C4F,24
QAXBJEHARAXYIA-UHFFFAOYNA-N,ClC1=CC=C(C2=NN(C(=O)C3=C2C=CC=C3)C4=CC=CC=C4)C=C1,24
YAYDDEADXWMXCS-UHFFFAOYNA-N,BrC1=CC(C(=O)N2CCN(CC2)C=3C(OC)=CC=CC3)=COC1=O,24
MOUSEADPKSDKPQ-LILDFLRNNA-N,S(=O)(=O)(N1C=2C(OC(C1)C(O)=O)=CC=C(S(=O)(=O)CC)C2)C3=CC=CC=C3,27
PRDMNBQAHOVKAV-UHFFFAOYNA-N,S(=O)(=O)(NC1C(=NC)C2=C(OC1=O)C=CC=C2)C3=CC=4CCCCC4C=C3,27
SXKVYILIVJOIHR-DCYBUDGMNA-N,S(C=1N2C(=NN1)N=C(O)C=C2N)CC(=O)NC=3C4=C(C=CC3)C=CC=C4,26
QCVKIPBEESFZDR-UHFFFAOYNA-N,C1=C(N(C=2C=C(N(C2)C)C(=O)N3CCCC3)C(C)C)C=C(C)C=C1C,25
SPBJYMYEKPAPLH-NSISKUIANA-N,C=1(O)C=C2[C@@H]3[C@@H](CCC2=CC1O)N(CCC)C[C@@H](C3)C=4C=CC(=CC4)O,26
OAVMNHADZLMISJ-UYBDAZJANA-N,S=C(N(CC1=CC=C(C=C1)C)CC=2OC(=CC2)C)NCC(OCC)=O,25
FZBLPYSJDSHKAF-UHFFFAOYNA-N,S(=O)(=O)(N1C=2C(CC1)=CC=CC2)C=3C=C4N(C(=O)N(C4=CC3)CC)CC,26
BYTUHLZPINGFGK-BDGWVKIONA-N,O(C1=CC(NC(OCC)=O)=CC=C1)CC(=O)NC2=C(OCC)C=CC=C2,26
FYYUSLSDTNKPSP-UHFFFAOYNA-N,C1=2C(C(C=3C(CC1)=CC=C(C3)O)=O)=CC=C(C2)NC=4C=CC=CC4,24
NAVDQABRJNDCJC-VNYQXLLDNA-N,C=1(C=2C(=CC=3N[C@H]4[C@@H](C3C2)CCCC4(C)C)N=C(C1)O)C(F)(F)F,24
YMSWIXNVAVVOBD-UHFFFAOYNA-N,S1N=C2C=C(CN3CCC(CC3)(CC4=CC=C(OC)C=C4)CO)C=CC2=N1,27
GBLVKBRGKYZKBV-LILDFLRNNA-N,O1C2=C(C(=C(C1=O)C)C)C=CC(OCC=3OC(=CC3)C(=O)O)=C2C,24
BABWMNGVDQKSJE-LJQANCHMNA-N,C1=CC=C2C(=C3C(=C(C2=C1)O)[C@H](OC4=C3OC(=C4)O)C=5SC=CC5)O,25
WAOLXFIFHJJZQZ-UHFFFAOYNA-N,S(=O)(=O)(NC1CCCCC1)C2=CC=C(CCC(=O)N3CCN(CC3)C)C=C2,27
XKPDBGIXEXAZOC-XBTAAFKLNA-N,O(C=1C=C(C(=O)NC=2C=C(NC(=O)C=3OC=CC3)C=CC2)C=CC1)CC,26
ODPLGFLEROIOKA-FZIPUWRYNA-N,FC1=CC=C(CN2C=3C(C(=C2)/C=N/NC(OC)=O)=CC=CC3)C=C1,24
CHKOUDPIGODPOW-GPQMBLKYNA-N,O=C(NCC=1C2=C(N=C(C1)C)C=CC=C2)C(N3N=CC(N(=O)=O)=C3)C,25
XGTOSEODMLDCBR-UHFFFAOYNA-N,N1(CCN(CC1)CCNC2C=3C(=C(OC)C=CC3)CCC2)C4=CC=CC=C4,27
FFYJZDYSOUIIGH-UHFFFAOYNA-N,BrC=1C=CC(C(=O)N2CCN(CC2)C3=C(F)C=C(C=C3)C(=O)CC)=CC1,26
PHXDHMXUGYLMRR-PKSOQXRJNA-N,O=C(N1C(CC1)(C)C(=O)NCC=2OC=CC2)C3(CC3)C4=CC=CC=C4,25
RMKGLERGVUKAJF-OBGWFSINNA-N,O=C1N(CCCC)C(=O)/C(/C(=O)N1CCC2=CC=CC=C2)=C\C=3OC=CC3,27
QUYGEGSOVYMIEU-YUXNMNPRNA-N,C1=C(O)C(=CC(C(O)=O)=C1)C/C=C(/CC/C=C(/CCC=C(C)C)\C)\C,25
BVQFUYUEQBLTCJ-UHFFFAOYNA-N,N1(C(C=2C(CC1)=CC=CC2)=O)CCC3CCN(CC3)CC=4C=CC=CC4,26
IWKDSKQEBMNILM-SFHVURJKNA-N,ClC=1C(CN([C@@H]2CN(C(=O)C2)C(C)C)C3=CC(Cl)=C(C=C3)C#N)=CC=CC1,27
WQJCYTODQYYREF-SDRQFZCRNA-N,S1C(N2CCC(CC2)C(=O)N)=NC(C3=CC4=C(N(C=C4)C)C=C3)=C1,24
VMMSXEPJIRGODV-KDOFPFPSNA-N,C=1N=C(N2C[C@@H]([C@H](C2)N)C3=CC(=C(C=C3F)F)F)C=C(C=4C=CC=CC4)N1,27
WWTBGDHHAMEQDE-UHFFFAOYNA-N,O1C(=C(N=C1C2=C(C(=C(OC)C=C2)C)C)CN(C(C3=NOC=C3)C)C)C,26
XOYDABHRJOIFTH-UHFFFAOYNA-N,N(CCC1=CC=C(C=C1)OC2CC3=CC(=C(OC)C=C3C2=O)OC)(CC)C,27
WHMQDEXHDVPACY-UBDFAHDSNA-N,C=1(C(=CC=C(N1)OC2=CC=C(C(=N)N)C=C2)N)OC=3C=CC(C(=N)N)=CC3,27
NOZUROCJWIDRQS-UYBDAZJANA-N,O=C(NC=1C=CC(N2N=CN=C2)=CC1)C3(N(CC3)C(=O)CCC)C,24
AZNGFFNFDFXUHN-PWIKPTQSNA-N,C1=CC=C2NC(=NC2=C1)C(=C3C(NC4=C3C=CC=C4)=O)C5=CC=C(C=C5)C,27
UKKFANHUOPPJCJ-QWOVJGMINA-N,S(C=1N=C(N=CC1C(=O)NC2C3CC4(O)CC2CC(C3)C4)C)CCC,25
YSQQEBUZIIAVBT-LILDFLRNNA-N,S1C=2N=C3N(CCC3)C(=O)C2C(=C1C(=O)NC=4C=C(OC)C=CC4)C,25
XMGZSDUYJAXVID-UHFFFAOYNA-N,C1(C(C2=CC=C(C=C2)O)C3=CC=C(C=C3)O)C4CCCC1CCC4,24
QUVIJOPWQUCXGM-QWOVJGMINA-N,ClC1=CC=C(C2(O)CCN(CC2)CC=3NN=C4C3C=CC=C4)C=C1,24
WLQXBQXSHZNUDO-LILDFLRNNA-N,ClC=1C=C(S(=O)(=O)N2CCCC2)C=CC1OCC(=O)NC3CCCC3,25
AKRALQQJEDBPAU-VEWCPZSHNA-N,O(C1=CN2C(=NC(=C2)C3=CC(OC(=O)NC)=CC=C3)C=C1)C(=O)NC,25
MXSRZODYZONJEB-UHFFFAOYNA-N,OC(CNC1CCCC=2C1=CC=CC2)COC3=CC=C(CCC(=O)C)C=C3,27
KNCJPAWFLMLNJI-UYBDAZJANA-N,OC=1N(C=C(C1)C(O)NC2=NC=CC=C2)C3=CC=C(OCC)C=C3,24
AIZDIALUEPEOQJ-LQFNOIFHNA-N,S(C=C1C=2C=C(C(C)C)C(=CC2OC(=O)C1)C)C3=NC(CCC)=CC(O)=N3,27
WOJFUXKDRZQRIC-SRVZGCAYNA-N,O=C(N/N=C(\C=1N(C=CN1)C)/C2=CC(N(=O)=O)=CC=C2)C=3C=CC(O)=CC3,27
HLBRORLFJKJVEC-UHFFFAOYNA-N,S=C1N(C(=O)C(C(=O)CC2NCCC=3C2=CC=CC3)C(=O)N1CC)CC,26
KUMMPBZADJJURH-AWEZNQCLNA-N,FC=1C=CC(C=2ON=C(N2)C(=O)[C@H]3N(CCC3)C(=O)CNC(C)(C)C)=CC1,27
FTLXYYQOYHPTLD-ZFLCHEOENA-N,O=C(NC1=C(C(=CC=C1)C)C)CN(C(=O)/C=C/C2=CC=CC=C2)C,24
KMLNWQPYFBIALN-QWOVJGMINA-N,C1=C(C=CC2=C1C(=C(N2C(=O)C3=CC=C(C=C3)Cl)C)CC(=O)O)O,24
VXONTEUOQXFJJS-CQJXFFTONA-N,N=C(N)C=1C=CC(=CC1)CN2C(=O)CN(CC2)S(=O)(=O)C3=CC4=C(S3)C=C(Cl)C=C4,30
SPYQUUZBXVDPJN-GWPUNOFLNA-N,FC(F)(OC=1C(NC(=O)C(=O)N/N=C/C2=C(O)C(OC)=CC=C2)=CC=CC1)C(F)F,30
OEAQKLHDOJQQKF-NMAUKGSGNA-N,S(C1=CC=C(N/C(=N/C(C(NC(CC(=O)O)C(=O)O)=O)CC(=O)O)/S)C=C1)(=O)(=O)N,30
OAGOHRBFFUCMSX-QWOVJGMINA-N,S(O)(O)(=CC(=O)NC1C(CCCC1)C)=CC=2N=C(OC2C)C3=C(C=CC=C3)C,28
YEDAEAAOAAYNLK-UHFFFAOYNA-N,ClC=1C=C(OCCOC(=O)C2=CC(S(=O)(=O)N3CCOCC3)=CC=C2F)C=CC1,29
HIFLGNOXUZTUCD-MYCVFNDYNA-N,C=1C(=CC2=C(C1)C[C@H](N(C2)C(=O)CCC3=CC=C(C=C3)OC)C(=O)NC)NS(O)(=O)=O,31
XNPARDFAECDMGN-UHFFFAOYNA-N,N1(C(C2=CC3=CC=C(C=C3C=C2)OCC=4C=CC=CC4)C(N(C)C)C)C=NC=C1,29
VKZWGOUOPFHUDU-PDEXCIMPNA-N,S1N=C(O)C(=C1NC=2C=CC(OC3=CC(F)=CC(F)=C3)=CC2)/C(=N/C(CO)C)/N,29
ZCITVLSDPCXRRL-AYOQOUSVNA-N,C1=CC(=C(C=C1F)[C@H]2OC[C@@H](C[C@@H]2N)N3CC=4C(C3(C)C)=NC(=NC4)C5CC5)F,29
RZLLDODIRKVHSF-DVIAZDKANA-N,S1C(NC(=O)CCC(=O)N(CC(=O)NC(C)(C)C)CC2=CC=3OCOC3C=C2)=NC=C1,31
PYXQMJSGJIJHJT-GVJCFTGSNA-N,S1C2=C(C=3C1=NC=NC3N)C4=C(CC2)C=C(NC(=O)NC5=CC(=CC(=C5)C)C)C=C4,30
PDDNOOQKFCIDMO-LBOYIXSDNA-N,S(N1CC=2N=C(O)C=3C(C2CC1)=CC=CC3)(CCN4CCC(N5CCCC5)CC4)(=O)=O,31
YXRNZNYFVDQXRS-XPBYDHDWNA-N,[C@@H]1(CO[C@@](OC1)(CC(C)C)C(O)=O)CCCCC=2N=C(OC2C)C=3C=CC=CC3,29
ZCXLMXWSRIUXPS-UHFFFAOYNA-N,S(=O)(=O)(C(CC)C)C=1OC(=NC1S(=O)(=O)C2=CC=C(F)C=C2)C=3C=CC(F)=CC3,29
TXWFROAATAZXFK-ZNOIPFCONA-N,S(NC(=N)N)(C1=CC=C(N/C=C\2/C3=C(C=CC=4N=CSC34)NC2=O)C=C1)(=O)=O,28
LBYZTESCMANZLG-PJQSKVNONA-N,FC1=C(NC(=O)C(=O)NCC(N2CCC=3C(C2)=CC=CC3)C=4OC=CC4)C=CC(F)=C1,31
FGKFOVMSCCFSMG-LNNLXFCONA-N,O(CC=1C=CC(=CC1)C(OC)=O)C(=O)CNC(=O)C=2C=CC(C3=CC=CC=C3)=CC2,30
VWZIWKHACUENGU-ARLKJREENA-N,C=1(SC(=CC1C(N)=O)C2=CC=CC=C2F)NC=3C=CC=C(N3)CN4CCOCC4,29
LVRKQJAEQWVSCM-CDBSMWKCNA-N,O=S(=O)(N)C=1C=CC(=CC1)NC=2N3N=CN=C3N=C(C2)N[C@H]4CC[C@H](N)CC4,28
HTVYACBMXPPVHH-LQFNOIFHNA-N,S1C(=C(N(CC2=CC=C(C=C2)C=C)C1=O)C)C(=O)NCC3=CC=C(C=C3)C#N,28
AMSDAXGEMBQOCX-UDKOBCBSNA-N,OC12CC3C(NC(=O)C4=C(N=C(N=C4)NC[C@H](O)C)C5CCCC5)C(C1)CC(C3)C2,30
CTUHJNJXPMROFF-COMGJYCWNA-N,C1=CC=C2N=C(C(C=3NC=4C(=CC=CC4)N3)=C(C2=C1OC5CN(CCC5)C)N)O,29
ZFVCOZSVRXMIIP-UHFFFAOYNA-N,N1(C(C2=CC=CC=C2C1=O)=O)CCCCN3C4C=5C=6C(=CC=CC6)NC5CC3CC4,30
BADHAWRYSSJDAG-HXTKINSTNA-N,C1(S(C=2C=CC(N3CCC(CC3)C4=CC=CC=C4)=CC2)(=O)=O)(C(=NO)O)CCOCC1,31
ASNJXTHXWLJRAC-WMQLBYIKNA-N,C1(C)(C)CC=2C=C(C=CC2C(=N1)NC(C(O)=O)CC=3C(=CSC3)C4=CNN=C4)Cl,29
CEGLMXXCTGCEDH-LELJVTLKNA-N,BrC1=CC(C(=O)NC2=C(N3CCN(CC3)C(=O)C=4C=CC=CC4)C=CC=C2)=C(Cl)C=C1,31
NWEZZBGHDOYLJT-HOJGDVMVNA-N,C=1(C=CC(=CC1)C=2OC(=C(N2)CCCC[C@@H]3CO[C@@](OC3)(C(O)=O)C)C(F)(F)F)C,30
VKZVNFAGQVZFTI-RUONTYCTNA-N,[C@@H]1(CN(C[C@H]1NC(C2=CC=C(CC3=CC(=NC=4C3=CC=CC4)C)C=C2)=O)C)C(=O)NO,31
VEPVBTZAOBNEHW-UHFFFAOYNA-N,C=1(C=CC(OC2=CC=CC=C2)=CC1)OC3=C(C#N)C=NN4C=C(C(C)=C34)C(=O)OCC,31
JXUCHAKTXGLSLB-QWOVJGMINA-N,S1C=2N(C(=C1C(=O)NC3=CC=4OCCOC4C=C3)C)C=C(N2)C5=CC=CC=C5,28
MURNESJGTCOHEY-XBXBPLPCNA-N,O=C(NC1CC1)C2=C(NC(=O)CN3CCN(CC3)C=4C(=CC=CC4)C)C=CC=C2,29
UUDITCQIVHGHRN-YCPHGPKFNA-N,O1[C@H]([C@@H](CN([C@H](CO)C)C(=O)CCCN2N=NC(C1)=C2)C)CN(C)C(OC)=O,28
LUMFCZZBJFTSDE-UHFFFAOYNA-N,O=C(N1CCN(C2CCCC2)CC1)CN3C(=C(C=C3C4=CC=CC=C4)C(=O)C)C,29
PBASGTQQNSXACX-LILDFLRNNA-N,S(=O)(=O)(N1CCN(CC1)C(=O)CN2C(=O)C(NC2=O)(C)C)C=3C(F)=CC=CC3,28
AZFNWVJTDAVJCD-CIECDIHQNA-N,C1=2C(C(C3=CC=C(/N=C(\NC#N)/NC4=CC(C)=CC=C4)C=C3)=C(S1)C)=C(N)N=CN2,30
AKFQZPKAIISOFW-UHFFFAOYNA-N,S(CCC(=O)N1CC(N2CCN(CC2)C=3C=C(C=CC3)C(F)(F)F)CCC1)C,28
GQJJNMSNWLLMTG-UHFFFAOYNA-N,S(CC(OC1CCCCC1)=O)C=2OC(=NN2)C3=CC(OC)=C(OC)C(OC)=C3,28
BZGDLNJWQCXTOE-IFRMRSICNA-N,O=C(NC1=C(C=CC=C1)C)/C(=C\C2=C(N(C(=C2)C)C=3C=CC(=CC3)C(O)=O)C)/C#N,30
SJMFZIGFOIPNPE-VHQWDMRRNA-N,FC=1C(C=2C3=C(NN=C3N)C=CC2)=CC=C(NC(=O)NC=4C=C(C(F)=CC4)C)C1,29
ZTDZJWOLFMBCGV-COQBZTTGNA-N,ClC=1C=C(/C=C/2\SC(=O)N(CC(=O)NC3=C(F)C=CC=C3)C2=O)C=C(OC)C1O,29
GBECAOYRFRVNTA-UHFFFAOYNA-N,ClC1=C(N2CCN(CC2)CCCCN3CCC4=C(C3=O)C=CC=C4)C=CC=C1Cl,29
BOSOVNGIOQDIAC-AZZOHTOPNA-N,C1(=C(C=2C=CC=CC2C(=C1)Br)OC)C(NC[C@H]3N(C4CCCCCC4)CCC3)=O,29
YYVIDXPFZVAJPS-LNNLXFCONA-N,S1C=C(C=C1O)C(O)N(C(C(=O)NC(C)(C)C)C2=NC=CC=C2)C3=CC=C(F)C=C3,30
LTGXEJIGGZQOOQ-PKSOQXRJNA-N,S(=O)(=O)(N1CCCC1)C=2C=C3OC(=O)N(C3=CC2)CC(=O)NCC4=NC=CC=C4,29
LZGGMIYLNQXAPB-UHFFFAOYNA-N,S(C=1N(CC=2OC=CC2)C(=NN1)COC3=CC=CC=C3)CC(=O)C=4C=CC(F)=CC4,30
OAYBQPUDGNXPCF-LNNLXFCONA-N,O1C=C(C(=O)NC2=NC(=NC=3N(N=NC32)CC4=CC=CC=C4)C5=CC=CC=C5)C=C1,30
NOIKGELTSRKQEJ-GZRFBZBPNA-N,O([C@@H]1C[C@H]2[C@]3(N(CCC3)C(=O)CCC2)CC1)C(OC4=CC=C(N(=O)=O)C=C4)=O,28
KPNMAWCUMPIIHZ-SPEPDGBUNA-N,FC=1C(C(=O)NC(NC(=O)C2=C(F)C=CC=C2)C3=CC(OC)=CC=C3)=CC=CC1,29
MVLPQPXVWSLBMN-LQFNOIFHNA-N,O=C(NC1=CC(C=2N3N=C(C=4C(C3=NN2)=CC=CC4)C)=CC=C1)C5=CC=CC=C5,29
GIIRNFWNCDIVQY-PKSOQXRJNA-N,S=1(O)(O)=CC=2C(=NN(C2NC(=O)COC3=CC=CC=C3)C4=CC=C(OC)C=C4)C1,29
GPWWTFKNJSMNRB-GPQMBLKYNA-N,S(=O)(=O)(N(CCOC)CCOC)C=1C=CC(=CC1)C(=O)NC=2SC(=NN2)CC,28
DVYIPXPDIFRZMK-QWOVJGMINA-N,S(=O)(=O)(N1CC(CCC1)C(=O)NC2C(CCCC2)C)C3=CC=C(N4N=NN=C4)C=C3,30
WXSRQGYBCDFLLC-PDJAEHLQNA-N,S(=O)(=O)(N1CC(CC(C1)C)C)C2=CC=C(NC(=S)NC(=O)C=3C=CC=CC3)C=C2,29
LWUDLDAAAFUHGH-BDGWVKIONA-N,ClC1=CC=C(OCC(=O)NCC=2OC(SCC(=O)NC3CCCC3)=NN2)C=C1,28
LCUCQURJAGRVSO-UHFFFAOYNA-N,FC1=CC=C(CN2C(=O)N=C(N3CCN(CC3)C4=CC=C(OC)C=C4)CC2=O)C=C1,30
XKRGRLGLKJEACL-UHFFFAOYNA-N,C1=2C(C(CC1=CC(=C(C2)OC)OC)CC3CCN(CC=4C=CC(=CC4)C)CC3)=O,29
RAOLHOSWTJECCK-UHFFFAOYNA-N,C12C(=CC(=O)C(CC1)=O)C(=NC(=O)C)CCC=3C2=C(C(OC)=C(C3)OC)OC,28
XYZNWSMBZJDQBG-UHFFFAOYNA-N,O=C(N1CCN(CC1)CC2=CC(OC)=C(OC)C(OC)=C2)CC3=CC=CC=C3,28
DFJNIYXXJDSPSJ-PDJAEHLQNA-N,S1CCOC(C(=O)NC=2C=CC(C(=O)NCCCN3CCN(CC3)CC)=CC2)=C1,29
FBCPHTWVGJEMIA-NRTUGAKQNA-N,C=1(C2=CC=CC=C2)C=CC(OCCCOC=3C=CC4=C(CC[C@H]4CC(=O)O)C3)=CC1,30
CNQGNADBGYCKKV-XBTAAFKLNA-N,ClC=1N=C(N=C(C=2C=3C(NC2)=NC=CC3)C1)NC4CCC(NS(=O)(=O)C)CC4,28
WYXKJCLEMKQLEU-OAQYLSRUNA-N,C=1C(=CC2=C(C1)CC[C@@H](O2)CN3CCN(CC3)C4=CC=C(C=C4)OCCF)O,28
ILQWMPWZHNFRKS-LQFNOIFHNA-N,ClC=1C=C2C3=CCCC3C(OC2=CC1OC(C(=O)NCCCN4C=CN=C4)C)=O,29
OJPCZQJSRIQTSG-UHFFFAOYNA-N,O(C=1C(C(C2=CC=C(OC)C=C2)CCNCC3=CC=C(OC)C=C3)=CC=CC1)C,29
DGQLVPJVXFOQEV-MFOAEAKKNA-N,O1[C@H](C2=C(O)C3=C(C(=O)C=4C(C3=O)=C(C(=C(O)C4)C(=O)O)C)C(O)=C2O)[C@H](O)[C@@H](O)[C@H](O)[C@H]1CO,35
WNUXQXLPAOKUDG-LELJVTLKNA-N,ClC1=CC=2N(CC(=O)NC=3C(F)=CC=C(F)C3)C(=O)C(=O)N(C2C=C1)CC4=CC=CC=C4,32
XOCXBGXAVDCTED-VSFTVOINNA-N,BrC1=C(SC(=C1OCC(=O)O)C(O)=O)C=2C=C(NCC3CCN(CC3)C(=O)NC=4C=CC=CC4)C=CC2,37
IKEQYHAZMQTKSN-LBOYIXSDNA-N,S(=O)(=O)(NC(C(=O)NC1CCN(CC1)CC2=CC=CC=C2)CCSC)C=3C=C4C(N(C(=O)N(C4=O)C)C)=CC3,39
BBQZCVXJWAJVGR-DEHDZWOHNA-N,C(C(O)=O)(C(O)=O)OC1=CC=C(CC(NC([C@@H](NC(OC(C)(C)C)=O)C)=O)C(=O)NCCCCC)C=C1,37
PCYOICASRCTHMC-UHFFFAOYNA-N,S1C=2C(N(C=3C1=CC=CC3)C(=O)CSC=4N(CC=5OC=CC5)C(=NN4)C6=CC=CN=C6)=CC=CC2,35
JODMKVJBCWXIBI-CSKMVECVNA-N,C1(=C(OC2=C1C=CC=C2)CCCC)C(C=3C=C4C=CC(=C(C4=CC3)Br)OC(C(O)=O)CC=5C=CC=CC5)=O,38
PZGRKAPLAMNZQX-UHFFFAOYNA-N,ClC1=CC=C(CN2N=NC(CN3S(=O)(=O)CC(N(CC=4N=NN(C4)CC5=CC=C(Cl)C=C5)C)C3)=C2)C=C1,37
MEUWHJPYSRXPEP-CYSPOYASNA-N,S(O)(O)(=CCNC(C1=CC(C=2CCC(CC2)(C)C)=C(NC(=O)C=3NC(=CN3)C#N)C=C1)(C)C)=C,34
SCIGNWNFAKREND-VJSLDGLSNA-N,S1C(=C(N=C1C=2C=CC(S(=O)(=O)C)=CC2)C=3C=C(C=CC3)C)C4=CC(NC(=O)C5=CC=CC=C5)=NC=C4,37
AJHSVBWCWKLREO-SZIDRMDINA-N,[C@@H]1(CN(C[C@@H]1C(=O)NC2=NC=C(N3C(C=CC=C3)=O)C=C2)S(C)(=O)=O)C(NC4=CC=C(C=C4)Cl)=O,35
OQGJWRPIBZSEET-LETNZVNXNA-N,ClC=1C(N(=O)=O)=CC(/C=C/C(=O)NC2=C(N3CCN(CC3)C)C=CC(S(=O)(=O)N4CCCCC4)=C2)=CC1,37
YXVSVMPSVYUSPG-MJHPXVFFNA-N,C=1(NC(=O)OC2=CC=C(C=C2)OC)C=C3C(=CC1)N(CCC)C4=C3C=5CNC(=O)C5C6=C4CCC=7C6=CN(N7)C,40
QCRPOQONCVCBFI-PKRZOPRNNA-N,S(=O)(=O)(C1(CCOCC1)C(O)=NO)C2=CC=C(N3CCN(CC3)C(=O)C=4C=CC(OC)=CC4)C=C2,35
YQOKZFJYIQVYFU-HXTKINSTNA-N,FC=1C(N(C(C(=O)NC2CCCC2)C)C(=O)CN3N=C(N=N3)C=4C=CC(F)=CC4)=CC=CC1,33
LVKGKAXVKOTKSO-PFCIVCCVNA-N,S(=O)(=O)(N([C@@H]1[C@@H](CN2[C@@H](C1)C3=C(CC2)C=CC(=C3)C4=CC=5OCOC5C=C4)[C@@H](O)C)C)C6=CC=C(C=C6)C,38
FVGJPHFQQMQGFQ-PQVCHVPHNA-N,S(=O)(=O)(N)C1=CC=C(NC(=O)C2=C(SSC=3C(C(=O)NC4=CC=C(S(=O)(=O)N)C=C4)=CC=CC3)C=CC=C2)C=C1,40
IAPQXANGZKUWPO-UHFFFAOYNA-N,O=C(N1CCN(CC1)C2=NN=C(C3=C2C=CC=C3)C4=CC=CC=C4)COC5=CC=C(C=C5)C,33
DKPDHLMYUJUMIS-SREBMQDQNA-N,BrC=1C=C(CNC(=O)C=2N(N=C(C2)C=3C=CC=CC3)CC4ON=C(C4)C=5C=CC(OC)=CC5)C=CC1,36
SCSMSHQTWYIIRL-CYFREDJKNA-N,C1=C(S(=O)(=O)N[C@H]2CCN(C2=O)[C@@H](C)C(N(CCN3CCOCC3)C(C)C)=O)C=C4C(C=C(Cl)C=C4)=C1,37
VOPNGBLDZXPEHL-JIAPVNLCNA-N,C12(CCC1)OC3=C(C=C(C=N3)CC(C)(C)C)[C@@H](NC[C@H]([C@H](CC4=CC=C(C=C4)OC(F)(F)F)NC(C)=O)O)C2,39
FCURJCJIDCTWIK-PYCLOCFANA-N,C1(NC[C@H]([C@H](CC2=CC(=CC(=C2)F)F)NC(=O)C)O)(C=3SC=C(C3)CC)CCCCC1,31
GEODHWLLXGQGFB-ABASWSGANA-N,O1[C@@H](N2C(=O)NC(=O)C=C2)[C@H](O)[C@H](O)[C@H]1C(=O)N[C@H](CC3=CC=CC=C3)C(=O)NCC4=CC=5OCOC5C=C4,39
CVFPPONQZKJNOW-TVFUCKGFNA-N,ClC=1C=2C(NC1)=CC(C(=O)N[C@H]3[C@@H](NC(=O)C4=CC=C(N5CCCOC5=O)C=C4)CCCC3)=CC2,35
RVRDSCHMAZIEQQ-UHFFFAOYNA-N,O=C1N(CCCN2C=CN=C2)C(=NC3=C1C=CC=C3)CN4C(=O)C=5C(C4=O)=CC=CC5,31
QLKAFHZJICDACE-WUSLAWIHNA-N,C(C)(=O)NC1=C(C(=CC=C1)NC=2N=CN=C(N2)N3CCC(CC3)OCC=4C=CC(=CC4)OC(F)(F)F)C,37
KMUIIBDJSZSSTK-LNNLXFCONA-N,ClC=1C(CNC(=O)CCCN2N=C(N3C4=C(SC(=C4)CC)C=C3C2=O)CC)=CC=CC1,31
NLUPPEQIXOCYEE-SWUIVHNENA-N,N1=C(C(C2=CC(OC)=CC(=C2)OC)=CC3=C1C=C(N=C3)NCCCN4CCN(CC4)C)N,32
WDFKKHNNOXFTJQ-PKRZOPRNNA-N,FC1=CC=C(N2CCN(C(CNC(=O)C3=CC(OC)=CC=C3)C4=CC=5OCOC5C=C4)CC2)C=C1,35
NSGGYUGNVVGXHF-UHFFFAOYNA-N,C1=CC(=CC=2ON=C(C21)C3CCN(CC4CC5=C(C(C4)=O)C(=C(O5)C(=O)OCC)C)CC3)F,33
KAHKNJBYOGSKMJ-JJKYIXSRNA-N,ClC1=CC=C(OC(C(=O)/N=C\2/N(C=3N=C4N(C(=O)C3C=C2C(OCC)=O)C=CC=C4)CCOC)(C)C)C=C1,38
PMGIEKWQRPFFJL-SKKVRFOWNA-N,C12=C(C(=O)N(C(N1CCC)=O)CCC)N=C(N2)C=3C=CC(OCC(NC4=CC=CC=C4)=O)=CC3,34
GNGBXVAYDSTWAQ-KIPRBCEJNA-N,C=1C=C(N=CC1CNC(=O)[C@H]2N(C([C@@H](CC3CCCCC3)NCC(=O)O)=O)CC=C2C)C(=N)N,34
VPXAWOGEPSUECC-MXBOTTGLNA-N,OC=1N(C(O)=C2C1[C@]3(N([C@@H]2C4=CC=C(C=C4)C)C(=O)N(C3=O)C5=CC=C(C=C5)C)CC6=CC=CC=C6)CC,38
DTOODOZBEPOENT-HXTKINSTNA-N,S(C=1N(CC2=CC=C(OC)C=C2)C(=O)C3=NN(C=C3N1)CC)CC(=O)NC=4C=C(OC)C(OC)=CC4,36
ZFXIEQFQUDNRDD-LBOYIXSDNA-N,C1=C(C=CC(=C1)C2=NC(C)=C(C(SC3=CC=C(C(=C3)C)OCC(=O)O)CC)S2)C(F)(F)F,32
OEBJUDGECLJUTH-FCZHGGMINA-N,S(NCC=1SC(C(N[C@@H](CC(O)=O)C(=O)CSCC=2C(Cl)=CC=CC2)=O)=CC1)(=O)(=O)C3=CC=CC=C3,36
SGLJPXQOJMBPBR-UHFFFAOYNA-N,C=1C=C2C(=CC1C=3N(N=C(C3)C)C)CCN(CC2)CCCSC=4N(C(=NN4)C=5C=CC(=CC5)C(F)(F)F)C,38
JJLDOKYPPKYDKM-CSKMVECVNA-N,OC=1N(C2CCN(CC2)C(C=3N(N=NN3)C4CCCCC4)C5=CC=C(OC)C=C5)C6=C(N1)C=CC=C6,36
HEQPTNCKEOSHII-SREBMQDQNA-N,FC=1C(NC(=O)C2=C3C(=C(N4CCN(CC4)C5=NC=CC=C5)N=C2)C=CC=C3)=C(F)C=CC1,33
CUKROFJHIKPBQG-LTAVNBOSNA-N,S(O)(=O)(=O)C=1C=CC(NC(=O)NC=2N3N=C(N=C3C4=CN(N=C4N2)CCCC)C=5OC=CC5)=CC1,35
SSWXFCNTNHMOGF-UHFFFAOYNA-N,O(C(O)C1=CN(C(O)=C1)C=2C(OC)=CC=CC2)CC(=O)C3C(N(C(=O)N(C3=O)C)C)=N,31
KBYDKOYJEQUBOE-UHFFFAOYNA-N,S(CCCN1CC2(C(C2)C1)C3=CC=C(C=C3)C(C)(C)C)C=4N(C(=NN4)C=5OC=NC5C)C,32
OAHQBHZVIMWXNT-PWIKPTQSNA-N,O=S(=O)(CC1=CC(=C(C=C1)NC(C=2NC=C(N2)C#N)=O)C3=CCCCC3)N4CCOCC4,32
FSTSIRYDMRKCTO-LNNLXFCONA-N,S1C(NC(=O)CN2C=3C=C(C(=O)N4CCCC4)C=CC3OC2=O)=NC5=C1C=C(OCC)C=C5,33
AZDQXAMWRZLGIK-QWOVJGMINA-N,O1CCN(CC1)C2=NN3C(=NN=C3C=C2)CCC(=O)NC=4C=C(OC)C(OC)=C(OC)C4,32
YTLSATPLIMMBNL-UHFFFAOYNA-N,N1=C(C=2C=CC(=CC2O1)F)C3CCN(CC3)CCCOC=4C(=CC(=CC4)C(=O)C=5C=CC=CC5)OC,36
YLIZIECGSDPRBJ-VJSLDGLSNA-N,OC1=NC=2C(C=C1C(N3CCN(CC3)C)C=4N(N=NN4)CC=5OC=CC5)=CC(OCC)=CC2,33
MPYSFSAKGUFQCW-PKRZOPRNNA-N,C1(=CC=C2C(=C1)C(=CC=N2)NC=3C=CC(N4CCN(CC4)C)=CC3)C5=CC=CC(=C5)OC,32
ZIKSLIAMFOSMMG-UHFFFAOYNA-N,C12=C(N(C3=CC=CC=C3)C=4C1=CC=CC4)CC5N(C2CC5)CCCCC6=CC=CC=C6,31
SSMMEOSYEUOMIT-FNRKWRAONA-N,O(C[C@@H](N)CC1=CC=CC=C1)C2=CC(=C(N=C2N)C3=C(OC=C3)C)C4=NC5=C(N=C4)NN=C5C,34
IZZSAERQBCCMSM-MJHPXVFFNA-N,FC(F)(F)C1=C(C(NC(=O)C2=CC(C3=CC=4C(=NC(NC5CC5)=NC4)C=C3)=C(C=C2)C)=CC=C1)C,35
SUTNCHGRXNHYIH-CJPXULGHNA-N,O=C1N(CC2CCCCC2)[C@H](CCCCN3CCN(C(=O)C3=O)CCC4=CC=CC=C4)CNC1=O,35
SRIOVTLVWZUBRH-JZKKPXGENA-N,S1C2=C(N=C1N)CC[C@@H](C2)N(CCC)CC[C@H]3CC[C@@H](CC3)NC(C=4C=CC(=CC4)N5N=CC=C5)=O,36
BKVHIRDIUATFHB-UHFFFAOYNA-N,S=C1N(CCCN2CCC(=O)N(C2=S)CC3=CC=CC=C3)CCC(=O)N1CC4=CC=CC=C4,33
GFNWUIDBKVOSDN-UHFFFAOYNA-N,OC=1N(C(=C(C1O)C(=O)C2=CC=3OCOC3C=C2)C4=CC(N(=O)=O)=CC=C4)CC5=CC=CN=C5,34
RXNRGZURASBQFP-UHFFFAOYNA-N,S(=O)(=O)(N1C2C(C=3C1=CC=C(C3)C)CN(CC2)C)C4=CC=C(OC5=CC=C(N(=O)=O)C=C5)C=C4,34
YAZQHRAIVMILMH-SPTYBPPWNA-N,N1(C(C(Cl)=NC(C1=O)=NC(C)C)C=2C=C(C(=O)O)C=CC2)CC(NCC3=CC=C(C(=N)N)C=C3)=O,35
DJUHNKOWVVDWOF-LQFNOIFHNA-N,S(=O)(=O)(N1CCCCC1)C=2C=C(NC(=O)C3=C(N4CCOCC4)C=CC(N(=O)=O)=C3)C(OC)=CC2,35
RLVCBYBGVBOVFV-XIPNIRHDNA-N,O(C=1C=CC(C2=NN(C3CCC(N4CCN(CC4)C)CC3)C=5N=CN=C(N)C52)=CC1)C6=CC=CC=C6,36
FSBIQJLKXIMLFY-LAUUFCHVNA-N,O=C1N(C(=O)N2[C@]1(C=3C=4C(=C(O)N(C4O)CC)CCC3C(C2=O)CC)CC5=CC=CC=C5)CC6=CC=CC=C6,39
JXTXDXNGWSLJGU-UHFFFAOYNA-N,S1(=O)(=O)N(C(CN(CC1)CCCC)C(OC)=O)CC=2N=NN(C2)CC3=CC=C(C=C3)C,31
KUPGAPXCPCXKDD-UHFFFAOYNA-N,ClC1=CC=C(S(=O)(=O)NC2CCC(CC2)CCN3CCC(CC3)CC4=CC(=CC=C4)C(F)(F)F)C=C1,36
LTZVLHHIAUKGBP-LELJVTLKNA-N,C=1C=CC=2C3=C(NC(C2C1)=O)C=4C=CC(=CC4C3)S(NCCCN5CCOCC5)(=O)=O,31
